Date,Average Temperature (°C),Average Wind Speed (km/h),Average Wind Gusts (km/h),Wind Direction (°),Season,Precipitation,Average Relative Humidity (%),Average Sunshine Duration (hours)
2024-01-06,23.805498,6.930721,18.12,161.2412109375,Summer,0.1,59.96222,44382.17
2024-01-07,25.615915,5.9606996,16.92,100.30480194091797,Summer,0.0,53.825546,45705.73
2024-01-08,25.415916,9.541688,24.465002,59.86457061767578,Summer,1.1,54.811703,45629.39
2024-01-09,22.742998,7.697037,19.695,99.56002807617188,Summer,1.8000001,69.05947,28183.822
2024-01-10,22.476334,7.090708,18.975002,76.1302490234375,Summer,10.300002,71.819,42043.805
2024-01-11,23.80967,6.5823865,17.144999,117.03080749511719,Summer,0.8000001,67.08833,41533.31
2024-01-12,23.403418,5.58273,15.720001,61.270851135253906,Summer,0.2,72.50019,28758.209
2024-01-13,23.070086,5.0774717,15.345,94.42283630371094,Summer,5.2,76.04325,45430.66
2024-01-14,24.255499,5.598274,15.329999,59.88634490966797,Summer,0.2,65.966545,45652.24
2024-01-15,25.38675,5.597603,14.8049965,253.11312866210938,Summer,0.1,60.798832,45650.51
2024-01-16,24.690918,6.3676224,17.444998,49.39876174926758,Summer,2.9,66.134834,44173.86
2024-01-17,22.038832,5.851171,17.1,16.073625564575195,Summer,5.2999997,75.97027,32725.066
2024-01-18,21.070082,16.398363,36.164997,113.36006164550781,Summer,0.3,57.63299,45636.87
2024-01-19,20.418001,12.751201,28.739998,111.89435577392578,Summer,0.0,47.31545,45629.543
2024-01-22,24.224249,6.107921,16.77,131.25083923339844,Summer,0.0,50.06395,45587.97
2024-01-23,24.570084,10.141604,24.975,100.27267456054688,Summer,0.5,50.68073,45530.297
2024-01-24,24.286745,5.925482,16.964998,108.52363586425781,Summer,0.0,49.77057,45471.324
2024-01-25,24.695084,5.9941463,16.124998,112.1095199584961,Summer,0.1,55.947018,45411.137
2024-01-26,25.27842,9.5809765,25.289995,289.0645446777344,Summer,0.1,54.53104,43009.453
2024-01-27,23.501333,8.117698,21.449997,248.9622039794922,Summer,7.0,70.106514,39365.1
2024-01-28,23.89717,5.0129285,14.37,82.0793685913086,Summer,1.2,70.337395,43365.266
2024-01-29,22.909668,5.7895303,17.429998,104.1391372680664,Summer,18.2,78.38819,31451.234
2024-01-30,24.04925,4.9313087,15.750001,108.70855712890625,Summer,4.2000003,69.76761,45094.547
2024-01-31,23.347166,9.743258,22.724998,82.86262512207031,Summer,0.1,58.26031,45028.62
2024-02-01,23.370087,8.561923,20.999998,93.89801025390625,Summer,0.0,51.027416,44961.992
2024-02-02,23.27633,6.8031406,18.299997,119.82697296142578,Summer,0.0,51.1872,44894.6
2024-02-03,24.376335,8.837359,22.109995,154.21983337402344,Summer,0.1,51.097992,44825.87
2024-02-04,24.136751,7.1411605,19.140001,211.8169708251953,Summer,0.1,55.729824,41155.695
2024-01-31,23.347166,9.743258,22.724998,82.86262512207031,Summer,0.1,58.26031,45028.62
2024-02-01,23.370087,8.561923,20.999998,93.89801025390625,Summer,0.0,51.027416,44961.992
2024-02-02,23.27633,6.8031406,18.299997,119.82697296142578,Summer,0.0,51.1872,44894.6
2024-02-03,24.376335,8.837359,22.109995,154.21983337402344,Summer,0.1,51.097992,44825.87
2024-02-04,24.136751,7.1411605,19.140001,211.8169708251953,Summer,0.1,55.729824,41155.695
2024-02-05,25.03675,8.447607,22.305,194.09674072265625,Summer,1.0,55.498592,44434.117
2024-02-06,25.45758,7.2362123,18.300001,157.8603515625,Summer,0.0,47.88434,44611.387
2024-02-07,26.520086,8.442322,21.134998,163.25787353515625,Summer,0.0,45.799496,44537.41
2024-02-08,28.09925,9.82839,24.404999,104.72300720214844,Summer,0.1,37.30907,43531.348
2024-02-09,25.461752,9.346033,24.705,54.722530364990234,Summer,9.0,64.93957,39600.0
2024-02-10,25.649252,6.7228856,17.4,174.20730590820312,Summer,0.3,58.35974,44309.23
2024-02-11,23.526335,11.602814,27.119995,63.43498229980469,Summer,0.3,59.537678,32491.535
2024-02-12,23.0305,7.3084254,18.404999,35.07048797607422,Summer,0.2,61.16826,37434.65
2024-02-13,24.780504,6.467071,17.324999,140.49688720703125,Summer,0.0,56.623585,44073.367
2024-03-03,24.782585,6.7222896,16.92,91.25555419921875,Autumn,0.0,47.1592,41820.69
2024-03-04,25.659668,10.441552,24.389997,34.66459274291992,Autumn,0.0,46.474094,41583.043
2024-03-05,27.190918,12.178299,27.81,356.019403219223,Autumn,0.0,40.836056,41752.258
2024-03-06,28.31175,10.508255,23.549997,11.097818374633789,Autumn,0.0,35.87249,41535.285
2024-03-07,26.993002,12.021243,28.815,33.599449157714844,Autumn,0.0,50.380955,41120.383
2024-03-08,26.363836,7.9930534,19.14,132.23419189453125,Autumn,0.0,50.580036,41484.703
2024-03-09,27.05342,9.005708,21.689997,91.63322448730469,Autumn,0.0,43.807327,41427.55
2024-03-10,26.749254,7.398767,18.914999,91.31188201904297,Autumn,0.3,52.242874,41397.85
2024-03-11,26.920088,10.919049,25.124998,103.5732421875,Autumn,0.0,41.40012,41368.28
2024-03-12,25.763838,8.812528,21.644999,132.24365234375,Autumn,0.0,34.14743,41212.953
2024-03-13,26.422167,7.953955,19.77,201.1973876953125,Autumn,0.0,37.52582,41309.453
2024-03-14,26.715918,11.239235,25.499998,128.8843994140625,Autumn,0.0,36.429073,41280.336
2024-03-15,25.23675,13.859069,31.454996,34.18986511230469,Autumn,0.0,53.832775,40733.246
2024-03-16,25.945086,8.468232,20.76,316.97490310668945,Autumn,0.0,50.23012,41223.0
2024-04-11,16.311754,7.441448,17.669998,141.37364196777344,Autumn,0.0,59.401577,38487.39
2024-04-12,15.363833,6.6223807,17.099998,86.55787658691406,Autumn,1.2,76.61365,38204.812
2024-04-13,15.818001,4.8553762,11.849998,79.73491668701172,Autumn,0.0,69.4063,37945.117
2024-04-14,16.038832,6.387755,14.774999,102.35951232910156,Autumn,0.0,64.30851,38150.47
2024-04-15,16.23675,7.9675446,17.759996,86.85810089111328,Autumn,0.0,66.64262,22158.275
2024-04-16,17.190916,11.2042,24.525002,65.69546508789062,Autumn,0.2,67.77301,37551.855
2024-04-17,17.768,9.795421,22.199999,56.561668395996094,Autumn,0.0,61.82314,34720.062
2024-04-18,17.270082,5.8632736,13.979999,179.42709350585938,Autumn,0.0,66.579636,37303.027
2024-04-19,18.468,8.886593,19.605001,157.1277313232422,Autumn,0.0,58.249027,37722.605
2024-04-20,18.640917,6.671402,15.659999,188.86659240722656,Autumn,0.0,58.213627,37666.11
2024-04-21,19.46175,5.902355,14.535,145.55508422851562,Autumn,0.0,53.709698,37610.336
2024-04-22,19.990917,8.13775,18.24,216.46932983398438,Autumn,0.0,50.664963,37555.152
2024-04-23,20.707582,6.7494426,16.005,143.60134887695312,Autumn,0.0,50.127186,37450.203
2024-04-24,20.543001,8.293075,19.095,164.35755920410156,Autumn,0.0,50.192562,37354.13
2024-04-20,18.640917,6.671402,15.659999,188.86659240722656,Autumn,0.0,58.213627,37666.11
2024-04-21,19.46175,5.902355,14.535,145.55508422851562,Autumn,0.0,53.709698,37610.336
2024-04-22,19.990917,8.13775,18.24,216.46932983398438,Autumn,0.0,50.664963,37555.152
2024-04-23,20.707582,6.7494426,16.005,143.60134887695312,Autumn,0.0,50.127186,37450.203
2024-04-24,20.543001,8.293075,19.095,164.35755920410156,Autumn,0.0,50.192562,37354.13
2024-04-25,21.095083,7.762936,18.015,143.97251892089844,Autumn,0.0,45.33665,36626.184
2024-04-26,20.790916,8.270016,19.079998,101.02543640136719,Autumn,0.0,53.59796,36035.07
2024-04-27,19.307585,10.905557,25.260002,97.47147369384766,Autumn,0.1,57.962627,36668.023
2024-04-28,16.632582,7.2055163,17.565,113.86263275146484,Autumn,0.0,60.18233,36310.266
2024-04-29,15.972165,5.832197,14.384997,199.9832000732422,Autumn,0.0,52.349125,36814.66
2024-04-30,17.772165,7.66542,17.385,175.81512451171875,Autumn,0.0,50.227886,36717.32
2024-05-01,20.032583,8.953834,20.039997,147.1603546142578,Autumn,0.0,43.646774,36623.906
2024-05-02,20.995083,10.85827,23.204994,149.22357177734375,Autumn,0.0,39.644344,36529.68
2024-05-03,20.057583,7.797182,17.925,96.19380187988281,Autumn,0.0,43.448246,36443.707
2024-04-27,19.307585,10.905557,25.260002,97.47147369384766,Autumn,0.1,57.962627,36668.023
2024-04-28,16.632582,7.2055163,17.565,113.86263275146484,Autumn,0.0,60.18233,36310.266
2024-04-29,15.972165,5.832197,14.384997,199.9832000732422,Autumn,0.0,52.349125,36814.66
2024-04-30,17.772165,7.66542,17.385,175.81512451171875,Autumn,0.0,50.227886,36717.32
2024-05-01,20.032583,8.953834,20.039997,147.1603546142578,Autumn,0.0,43.646774,36623.906
2024-05-02,20.995083,10.85827,23.204994,149.22357177734375,Autumn,0.0,39.644344,36529.68
2024-05-03,20.057583,7.797182,17.925,96.19380187988281,Autumn,0.0,43.448246,36443.707
2024-05-04,18.651335,7.0644493,16.095001,88.02510833740234,Autumn,0.0,45.850307,36433.31
2024-05-05,17.511751,7.411873,16.155,175.02296447753906,Autumn,0.0,41.67673,36422.215
2024-05-06,18.186752,7.2899585,16.439999,123.24335479736328,Autumn,0.0,37.64612,36345.0
2024-05-07,18.882584,7.73074,16.725,102.64636993408203,Autumn,0.0,33.08119,36272.7
2024-05-08,19.295084,7.4788246,16.695,118.96111297607422,Autumn,0.0,37.027576,36205.336
2024-05-09,19.332582,6.7951274,15.989998,120.58694458007812,Autumn,0.0,40.43939,36200.13
2024-05-10,17.840918,6.8736534,15.195001,217.9906768798828,Autumn,0.0,45.468674,36169.273
2024-05-06,18.186752,7.2899585,16.439999,123.24335479736328,Autumn,0.0,37.64612,36345.0
2024-05-07,18.882584,7.73074,16.725,102.64636993408203,Autumn,0.0,33.08119,36272.7
2024-05-08,19.295084,7.4788246,16.695,118.96111297607422,Autumn,0.0,37.027576,36205.336
2024-05-09,19.332582,6.7951274,15.989998,120.58694458007812,Autumn,0.0,40.43939,36200.13
2024-05-10,17.840918,6.8736534,15.195001,217.9906768798828,Autumn,0.0,45.468674,36169.273
2024-05-11,19.301332,6.6560674,15.450002,160.21653747558594,Autumn,0.0,42.645817,36078.316
2024-05-12,20.332586,8.147838,18.029999,91.26947021484375,Autumn,0.0,43.20041,35943.215
2024-05-13,19.30758,7.3474298,17.984999,75.24889373779297,Autumn,0.0,58.972805,35911.145
2024-05-14,18.040915,7.4290867,18.15,82.60401916503906,Autumn,0.2,66.23418,35842.258
2024-05-15,18.386747,7.0857816,16.515,153.75152587890625,Autumn,0.0,52.993774,35845.074
2024-05-16,19.030502,9.092427,20.1,144.3007354736328,Autumn,0.0,38.9412,35811.27
2024-05-17,18.963835,7.5031343,16.230001,154.81201171875,Autumn,0.0,39.99531,35777.043
2024-05-18,18.684668,5.7290425,14.339999,131.25946044921875,Autumn,0.0,37.717297,35708.613
2024-05-19,17.186749,6.4406834,15.21,140.95413208007812,Autumn,0.0,44.458065,35676.246
2024-05-13,19.30758,7.3474298,17.984999,75.24889373779297,Autumn,0.0,58.972805,35911.145
2024-05-14,18.040915,7.4290867,18.15,82.60401916503906,Autumn,0.2,66.23418,35842.258
2024-05-15,18.386747,7.0857816,16.515,153.75152587890625,Autumn,0.0,52.993774,35845.074
2024-05-16,19.030502,9.092427,20.1,144.3007354736328,Autumn,0.0,38.9412,35811.27
2024-05-17,18.963835,7.5031343,16.230001,154.81201171875,Autumn,0.0,39.99531,35777.043
2024-05-18,18.684668,5.7290425,14.339999,131.25946044921875,Autumn,0.0,37.717297,35708.613
2024-05-19,17.186749,6.4406834,15.21,140.95413208007812,Autumn,0.0,44.458065,35676.246
2024-05-20,17.018,5.3940983,13.425,142.20132446289062,Autumn,0.0,49.94518,35643.676
2024-05-21,16.790918,6.3753147,14.6849985,132.3714599609375,Autumn,0.0,46.290726,35611.0
2024-05-22,16.293,6.5658875,15.390002,98.86001586914062,Autumn,0.0,57.996357,35578.285
2024-05-23,15.534667,5.617027,13.424999,155.4445037841797,Autumn,0.0,52.735672,35545.637
2024-05-24,15.603416,6.30174,14.655002,143.0991973876953,Autumn,0.0,50.90712,35506.977
2024-05-25,15.336751,7.988659,16.874998,169.80194091796875,Autumn,0.0,48.685028,35474.633
2024-05-26,15.603419,7.870352,17.445,165.56788635253906,Autumn,0.0,46.6187,35442.746
2024-05-22,16.293,6.5658875,15.390002,98.86001586914062,Autumn,0.0,57.996357,35578.285
2024-05-23,15.534667,5.617027,13.424999,155.4445037841797,Autumn,0.0,52.735672,35545.637
2024-05-24,15.603416,6.30174,14.655002,143.0991973876953,Autumn,0.0,50.90712,35506.977
2024-05-25,15.336751,7.988659,16.874998,169.80194091796875,Autumn,0.0,48.685028,35474.633
2024-05-26,15.603419,7.870352,17.445,165.56788635253906,Autumn,0.0,46.6187,35442.746
2024-05-27,15.184666,8.352366,18.194998,140.33853149414062,Autumn,0.0,39.52244,35411.383
2024-05-28,15.226334,5.557424,13.845,143.6730194091797,Autumn,0.0,56.015865,35380.6
2024-05-29,14.713833,5.7670865,14.024999,162.84751892089844,Autumn,0.0,51.526047,35350.46
2024-05-30,13.807584,8.290662,17.94,261.87000274658203,Autumn,0.0,54.5695,35321.03
2024-05-31,15.436749,7.8660884,17.984999,40.8970832824707,Autumn,0.0,48.531635,35292.375
2024-06-01,16.253416,9.063977,18.42,49.33833312988281,Winter,0.0,42.3281,35264.52
2024-06-02,16.626333,16.449448,34.484997,73.48922729492188,Winter,0.4,51.01679,25696.576
2024-06-03,13.6659155,18.055195,40.454998,330.9897403717041,Winter,0.1,41.977703,35209.555
2024-06-04,7.8909173,7.316698,16.44,249.12088012695312,Winter,0.0,50.01476,35182.36
2024-05-29,14.713833,5.7670865,14.024999,162.84751892089844,Autumn,0.0,51.526047,35350.46
2024-05-30,13.807584,8.290662,17.94,261.87000274658203,Autumn,0.0,54.5695,35321.03
2024-05-31,15.436749,7.8660884,17.984999,40.8970832824707,Autumn,0.0,48.531635,35292.375
2024-06-01,16.253416,9.063977,18.42,49.33833312988281,Winter,0.0,42.3281,35264.52
2024-06-02,16.626333,16.449448,34.484997,73.48922729492188,Winter,0.4,51.01679,25696.576
2024-06-03,13.6659155,18.055195,40.454998,330.9897403717041,Winter,0.1,41.977703,35209.555
2024-06-04,7.8909173,7.316698,16.44,249.12088012695312,Winter,0.0,50.01476,35182.36
2024-06-05,10.007583,7.1544304,15.959999,208.0975799560547,Winter,0.0,48.891026,35155.453
2024-06-06,13.765918,11.986827,25.634996,246.3223876953125,Winter,0.0,34.940945,35128.93
2024-06-07,10.905499,11.306222,25.169998,178.09083557128906,Winter,0.0,47.522964,35102.85
2024-06-08,11.982583,12.588275,27.045,100.62870025634766,Winter,0.0,50.46993,35077.3
2024-06-09,10.4305,7.633371,17.564999,104.58894348144531,Winter,0.0,56.863644,35052.35
2024-06-10,10.1034155,8.311829,17.61,92.32672119140625,Winter,0.0,52.98618,35028.086
2024-06-11,10.0555,7.3097844,16.095,92.24861907958984,Winter,0.0,50.32842,35004.574
2024-06-07,10.905499,11.306222,25.169998,178.09083557128906,Winter,0.0,47.522964,35102.85
2024-06-08,11.982583,12.588275,27.045,100.62870025634766,Winter,0.0,50.46993,35077.3
2024-06-09,10.4305,7.633371,17.564999,104.58894348144531,Winter,0.0,56.863644,35052.35
2024-06-10,10.1034155,8.311829,17.61,92.32672119140625,Winter,0.0,52.98618,35028.086
2024-06-11,10.0555,7.3097844,16.095,92.24861907958984,Winter,0.0,50.32842,35004.574
2024-06-12,9.972166,7.0633183,15.599996,191.30996704101562,Winter,0.0,54.046463,34981.895
2024-06-13,11.570084,7.022488,15.404999,145.49798583984375,Winter,0.0,52.330948,34960.125
2024-06-14,12.072166,6.2610073,14.759999,145.30477905273438,Winter,0.0,51.4473,34939.336
2024-06-15,12.088834,6.290747,15.075,134.40011596679688,Winter,0.0,47.287415,34919.605
2024-06-16,12.188832,8.658177,17.999998,103.64292907714844,Winter,0.0,48.8293,34901.008
2024-06-17,12.549251,8.07254,17.67,105.07792663574219,Winter,0.0,55.34753,34883.61
2024-06-18,12.459667,7.880099,17.715,247.25833892822266,Winter,0.0,57.359055,34867.5
2024-06-19,12.909668,9.274862,19.695,186.9110565185547,Winter,0.0,45.88261,34852.734
2024-06-20,14.130498,10.612172,22.964998,103.1771469116211,Winter,0.0,31.37622,34839.402
2024-06-14,12.072166,6.2610073,14.759999,145.30477905273438,Winter,0.0,51.4473,34939.336
2024-06-15,12.088834,6.290747,15.075,134.40011596679688,Winter,0.0,47.287415,34919.605
2024-06-16,12.188832,8.658177,17.999998,103.64292907714844,Winter,0.0,48.8293,34901.008
2024-06-17,12.549251,8.07254,17.67,105.07792663574219,Winter,0.0,55.34753,34883.61
2024-06-18,12.459667,7.880099,17.715,247.25833892822266,Winter,0.0,57.359055,34867.5
2024-06-19,12.909668,9.274862,19.695,186.9110565185547,Winter,0.0,45.88261,34852.734
2024-06-20,14.130498,10.612172,22.964998,103.1771469116211,Winter,0.0,31.37622,34839.402
2024-06-21,13.715917,10.048401,22.065,83.37669372558594,Winter,0.0,58.17828,34827.54
2024-06-22,13.355499,7.1010385,15.674998,141.4053497314453,Winter,0.0,48.168304,34816.67
2024-06-23,13.601335,10.766159,23.22,100.2958755493164,Winter,0.0,56.064575,34806.625
2024-06-24,12.830501,7.792013,17.37,114.95232391357422,Winter,0.0,60.859486,34797.445
2024-06-25,13.488833,9.215156,19.965,139.38827514648438,Winter,0.0,51.923218,34789.18
2024-06-26,14.036751,11.562926,25.035002,133.3358154296875,Winter,0.0,45.627544,34781.867
2024-06-27,14.118,10.699169,23.429998,98.8171157836914,Winter,0.0,57.289764,34775.555
2024-06-23,13.601335,10.766159,23.22,100.2958755493164,Winter,0.0,56.064575,34806.625
2024-06-24,12.830501,7.792013,17.37,114.95232391357422,Winter,0.0,60.859486,34797.445
2024-06-25,13.488833,9.215156,19.965,139.38827514648438,Winter,0.0,51.923218,34789.18
2024-06-26,14.036751,11.562926,25.035002,133.3358154296875,Winter,0.0,45.627544,34781.867
2024-06-27,14.118,10.699169,23.429998,98.8171157836914,Winter,0.0,57.289764,34775.555
2024-06-28,13.092999,6.9712124,16.394999,98.4268798828125,Winter,0.0,56.408417,34770.285
2024-06-29,12.209666,6.028026,14.309998,187.54933166503906,Winter,0.0,60.685516,34766.105
2024-06-30,12.770084,6.1508102,14.490001,166.32861328125,Winter,0.0,58.370453,33514.34
2024-07-01,13.4805,8.99528,18.869997,98.91202545166016,Winter,0.0,48.461735,34764.684
2024-07-02,15.33883,8.052812,18.03,78.60465240478516,Winter,0.0,39.926647,34762.895
2024-07-03,15.274249,6.986614,16.484999,304.1314697265625,Winter,0.0,39.365253,34797.727
2024-07-04,12.759667,8.48417,18.794998,194.47386169433594,Winter,0.0,33.55949,34837.98
2024-07-05,10.2555,8.829171,19.425001,202.29837036132812,Winter,0.0,37.086464,34883.668
2024-07-06,8.922168,5.8943267,13.305,176.02755737304688,Winter,0.0,36.730247,34892.746
2024-06-30,12.770084,6.1508102,14.490001,166.32861328125,Winter,0.0,58.370453,33514.34
2024-07-01,13.4805,8.99528,18.869997,98.91202545166016,Winter,0.0,48.461735,34764.684
2024-07-02,15.33883,8.052812,18.03,78.60465240478516,Winter,0.0,39.926647,34762.895
2024-07-03,15.274249,6.986614,16.484999,304.1314697265625,Winter,0.0,39.365253,34797.727
2024-07-04,12.759667,8.48417,18.794998,194.47386169433594,Winter,0.0,33.55949,34837.98
2024-07-05,10.2555,8.829171,19.425001,202.29837036132812,Winter,0.0,37.086464,34883.668
2024-07-06,8.922168,5.8943267,13.305,176.02755737304688,Winter,0.0,36.730247,34892.746
2024-07-07,10.332583,9.655755,22.08,315.14083099365234,Winter,0.0,29.831436,34903.0
2024-07-08,8.320084,10.8617325,24.135,230.89015197753906,Winter,0.0,31.694473,34914.43
2024-07-09,5.863833,5.7889524,13.784997,206.77877807617188,Winter,0.0,40.1706,34927.07
2024-07-10,9.9575815,6.5113883,15.014999,150.75148010253906,Winter,0.0,29.794312,34940.996
2024-07-11,12.399251,7.919377,16.994999,302.96907806396484,Winter,0.0,24.004303,35008.73
2024-07-12,12.940917,8.307151,18.029999,35.88215255737305,Winter,0.0,24.455057,35081.77
2024-07-13,14.501334,8.9544115,19.605,46.81822967529297,Winter,0.0,21.931465,35103.383
2024-07-09,5.863833,5.7889524,13.784997,206.77877807617188,Winter,0.0,40.1706,34927.07
2024-07-10,9.9575815,6.5113883,15.014999,150.75148010253906,Winter,0.0,29.794312,34940.996
2024-07-11,12.399251,7.919377,16.994999,302.96907806396484,Winter,0.0,24.004303,35008.73
2024-07-12,12.940917,8.307151,18.029999,35.88215255737305,Winter,0.0,24.455057,35081.77
2024-07-13,14.501334,8.9544115,19.605,46.81822967529297,Winter,0.0,21.931465,35103.383
2024-07-14,15.170083,8.530605,19.47,235.17544555664062,Winter,0.0,21.518248,35126.062
2024-07-15,12.586751,8.486428,18.57,163.58270263671875,Winter,0.0,29.630829,35149.766
2024-07-16,13.480499,7.779349,18.029997,171.82571411132812,Winter,0.0,25.451239,35237.293
2024-07-17,13.951332,7.485722,16.335,148.3176727294922,Winter,0.0,29.934341,35264.953
2024-07-18,15.259666,8.205369,17.055,13.869603157043457,Winter,0.0,27.07055,35293.508
2024-07-19,15.768002,7.9543476,18.404997,250.42686462402344,Winter,0.0,25.090101,35391.883
2024-07-20,14.397166,9.485976,21.39,170.33270263671875,Winter,0.0,24.976133,35424.12
2024-07-21,13.143002,9.316765,20.234999,148.7410888671875,Winter,0.0,22.506021,35457.125
2024-07-22,14.426333,8.260793,17.984999,235.4913787841797,Winter,0.0,35.08681,35490.883
2024-07-16,13.480499,7.779349,18.029997,171.82571411132812,Winter,0.0,25.451239,35237.293
2024-07-17,13.951332,7.485722,16.335,148.3176727294922,Winter,0.0,29.934341,35264.953
2024-07-18,15.259666,8.205369,17.055,13.869603157043457,Winter,0.0,27.07055,35293.508
2024-07-19,15.768002,7.9543476,18.404997,250.42686462402344,Winter,0.0,25.090101,35391.883
2024-07-20,14.397166,9.485976,21.39,170.33270263671875,Winter,0.0,24.976133,35424.12
2024-07-21,13.143002,9.316765,20.234999,148.7410888671875,Winter,0.0,22.506021,35457.125
2024-07-22,14.426333,8.260793,17.984999,235.4913787841797,Winter,0.0,35.08681,35490.883
2024-07-23,16.06175,9.429732,20.97,231.78892517089844,Winter,0.0,37.033245,35448.59
2024-07-24,15.532585,9.046798,19.515001,185.2606964111328,Winter,0.0,23.354765,35796.39
2024-07-25,13.463832,8.05513,18.089996,166.28265380859375,Winter,0.0,18.842646,35837.72
2024-07-26,13.636749,8.313733,19.155,86.53190612792969,Winter,0.0,40.13831,35797.387
2024-07-27,14.755501,9.147498,19.965002,199.79896545410156,Winter,0.0,39.82871,35922.035
2024-07-28,13.426333,10.66443,22.425001,202.36941528320312,Winter,0.0,15.261399,36136.28
2024-07-29,12.045082,8.428716,20.22,172.37586975097656,Winter,0.0,26.76301,36183.047
2024-07-25,13.463832,8.05513,18.089996,166.28265380859375,Winter,0.0,18.842646,35837.72
2024-07-26,13.636749,8.313733,19.155,86.53190612792969,Winter,0.0,40.13831,35797.387
2024-07-27,14.755501,9.147498,19.965002,199.79896545410156,Winter,0.0,39.82871,35922.035
2024-07-28,13.426333,10.66443,22.425001,202.36941528320312,Winter,0.0,15.261399,36136.28
2024-07-29,12.045082,8.428716,20.22,172.37586975097656,Winter,0.0,26.76301,36183.047
2024-07-30,12.365918,8.569585,19.709997,124.36861419677734,Winter,0.0,34.179882,35430.348
2024-07-31,15.670082,12.819911,27.314997,78.06317901611328,Winter,0.0,47.231617,34562.86
2024-08-01,15.782581,12.389488,27.705,59.23897933959961,Winter,0.0,62.412888,36050.547
2024-08-02,15.638833,8.407933,20.13,47.27156066894531,Winter,0.0,63.112522,36282.293
2024-08-03,16.653418,7.717812,17.309998,107.88932800292969,Winter,0.0,50.67159,36520.82
2024-08-04,18.33883,10.188371,22.35,337.18193435668945,Winter,0.0,37.604008,35802.777
2024-08-05,15.6534195,12.026723,26.895002,165.48973083496094,Winter,0.0,25.309305,36850.168
2024-08-06,12.870082,7.75905,18.51,132.91995239257812,Winter,0.0,42.3682,36924.895
2024-08-07,14.024249,6.682543,15.2699995,90.81074523925781,Winter,0.0,46.91049,37000.65
2024-08-01,15.782581,12.389488,27.705,59.23897933959961,Winter,0.0,62.412888,36050.547
2024-08-02,15.638833,8.407933,20.13,47.27156066894531,Winter,0.0,63.112522,36282.293
2024-08-03,16.653418,7.717812,17.309998,107.88932800292969,Winter,0.0,50.67159,36520.82
2024-08-04,18.33883,10.188371,22.35,337.18193435668945,Winter,0.0,37.604008,35802.777
2024-08-05,15.6534195,12.026723,26.895002,165.48973083496094,Winter,0.0,25.309305,36850.168
2024-08-06,12.870082,7.75905,18.51,132.91995239257812,Winter,0.0,42.3682,36924.895
2024-08-07,14.024249,6.682543,15.2699995,90.81074523925781,Winter,0.0,46.91049,37000.65
2024-08-08,17.145084,7.7249303,17.279999,347.1786804199219,Winter,0.0,40.84769,37077.344
2024-08-09,18.957582,7.137469,16.515,232.3859405517578,Winter,0.0,27.477957,37154.914
2024-08-10,16.793001,8.672373,19.589998,176.8006134033203,Winter,0.0,14.419246,37233.273
2024-08-11,17.265917,10.566974,23.505,219.9708251953125,Winter,0.0,15.66582,37312.363
2024-08-12,16.634665,7.991216,16.979998,149.1310577392578,Winter,0.0,22.989016,37392.094
2024-08-13,16.97425,10.527208,23.43,345.3302946090698,Winter,0.0,44.182446,37472.4
2024-08-14,16.440916,11.145896,24.705,205.09722900390625,Winter,0.0,26.06517,37553.22
2024-08-10,16.793001,8.672373,19.589998,176.8006134033203,Winter,0.0,14.419246,37233.273
2024-08-11,17.265917,10.566974,23.505,219.9708251953125,Winter,0.0,15.66582,37312.363
2024-08-12,16.634665,7.991216,16.979998,149.1310577392578,Winter,0.0,22.989016,37392.094
2024-08-13,16.97425,10.527208,23.43,345.3302946090698,Winter,0.0,44.182446,37472.4
2024-08-14,16.440916,11.145896,24.705,205.09722900390625,Winter,0.0,26.06517,37553.22
2024-08-15,14.636749,7.454265,17.52,149.16217041015625,Winter,0.0,22.15034,37619.426
2024-08-16,15.592999,7.977104,17.999998,75.65067291259766,Winter,0.0,26.649672,37648.152
2024-08-17,16.295084,6.027613,15.314999,153.8385772705078,Winter,0.0,26.421701,37676.63
2024-08-18,17.578417,5.9926715,15.195,153.9353790283203,Winter,0.0,23.97869,37704.836
2024-08-19,18.79925,8.859601,19.710001,101.11077880859375,Winter,0.0,20.557165,37732.758
2024-08-20,18.159668,7.084642,17.31,84.22200012207031,Winter,0.0,43.054462,37760.395
2024-08-21,17.224249,7.5562706,16.755,251.89617919921875,Winter,0.0,26.349264,37787.805
2024-08-22,18.920084,11.07257,24.239998,129.58660888671875,Winter,0.0,24.194609,37814.812
2024-08-23,15.790916,12.2725525,28.065,49.896018981933594,Winter,0.0,55.11466,37841.62
2024-08-26,19.301336,8.565633,19.289999,307.3423156738281,Winter,0.0,26.78215,38002.26
2024-08-27,19.949247,10.4221735,23.055,247.5034637451172,Winter,0.0,19.366999,38088.004
2024-08-28,20.057585,9.603993,21.945,183.80462646484375,Winter,0.0,14.277546,38180.438
2024-08-29,17.96175,13.060666,29.099998,125.01663208007812,Winter,0.0,19.575638,38279.258
2024-08-30,16.099249,14.883475,33.36,76.56021118164062,Winter,0.0,54.294407,20972.316
2024-08-31,15.243,11.575436,26.639997,71.30918884277344,Winter,0.0,49.1955,38264.793
2024-09-01,15.688832,4.9055943,13.680001,82.74039459228516,Spring,0.0,49.97983,38450.188
2024-09-02,18.015919,5.82237,15.195001,96.57447814941406,Spring,0.0,38.431904,38564.297
2024-09-03,19.088833,6.2755165,15.765,78.6475601196289,Spring,0.0,35.243565,38683.47
2024-09-04,19.059664,7.720253,17.895,67.65930938720703,Spring,0.0,38.484356,38807.395
2024-09-05,18.07425,7.9673657,17.520002,354.69038486480713,Spring,0.0,24.172684,39028.953
2024-09-06,20.057585,7.112034,16.845,59.981693267822266,Spring,0.0,21.210594,39260.652
2024-09-07,20.501333,10.836628,24.179995,28.93482780456543,Spring,0.0,36.603455,39205.12
2024-09-08,20.884668,9.297731,21.269999,1.0017911336035468e-05,Spring,0.0,30.919577,39447.21
2024-09-02,18.015919,5.82237,15.195001,96.57447814941406,Spring,0.0,38.431904,38564.297
2024-09-03,19.088833,6.2755165,15.765,78.6475601196289,Spring,0.0,35.243565,38683.47
2024-09-04,19.059664,7.720253,17.895,67.65930938720703,Spring,0.0,38.484356,38807.395
2024-09-05,18.07425,7.9673657,17.520002,354.69038486480713,Spring,0.0,24.172684,39028.953
2024-09-06,20.057585,7.112034,16.845,59.981693267822266,Spring,0.0,21.210594,39260.652
2024-09-07,20.501333,10.836628,24.179995,28.93482780456543,Spring,0.0,36.603455,39205.12
2024-09-08,20.884668,9.297731,21.269999,1.0017911336035468e-05,Spring,0.0,30.919577,39447.21
2024-09-09,22.465918,14.073493,31.425001,15.433443069458008,Spring,0.0,28.420258,38943.344
2024-09-10,18.45967,16.271212,36.18,43.4276123046875,Spring,0.0,53.33786,33723.484
2024-09-11,18.313833,11.915734,26.339996,30.631078720092773,Spring,0.0,59.178482,39240.805
2024-09-12,22.338835,9.236102,21.33,0.9516276717185974,Spring,0.0,40.36194,40052.855
2024-09-13,24.290916,8.295406,19.664999,210.11361694335938,Spring,0.0,25.384712,40150.254
2024-09-14,26.343,9.438259,21.974998,17.568639755249023,Spring,0.0,19.70059,39315.71
2024-09-15,26.451334,13.477925,30.465002,12.321541786193848,Spring,0.0,21.827393,39783.066
2024-09-11,18.313833,11.915734,26.339996,30.631078720092773,Spring,0.0,59.178482,39240.805
2024-09-12,22.338835,9.236102,21.33,0.9516276717185974,Spring,0.0,40.36194,40052.855
2024-09-13,24.290916,8.295406,19.664999,210.11361694335938,Spring,0.0,25.384712,40150.254
2024-09-14,26.343,9.438259,21.974998,17.568639755249023,Spring,0.0,19.70059,39315.71
2024-09-15,26.451334,13.477925,30.465002,12.321541786193848,Spring,0.0,21.827393,39783.066
2024-09-16,24.61592,10.793178,26.61,62.11377716064453,Spring,1.4000001,38.07502,23262.742
2024-09-17,23.553413,18.496864,42.285,56.13136672973633,Spring,1.2,46.624508,31206.678
2024-09-18,23.27842,12.665787,29.745,234.79027557373047,Spring,0.7,40.93423,40602.895
2024-09-19,21.726334,9.721514,23.025,184.85508728027344,Spring,0.0,25.303713,40693.715
2024-09-20,18.443003,19.3768,42.87,71.86267852783203,Spring,2.1,48.96295,39141.19
2024-09-21,12.0409155,14.14952,30.449999,114.18730926513672,Spring,6.5,73.22498,0.0
2024-09-22,14.842999,12.877908,29.19,87.61408233642578,Spring,0.3,53.30962,40965.703
2024-09-23,15.303416,12.072232,27.659996,61.71967697143555,Spring,0.0,56.775646,37798.324
2024-09-24,18.301334,9.418057,22.634996,8.688838005065918,Spring,0.0,49.01919,40120.727
